port_name,port_type,latitude,longitude,country,notes
'Hambro',origin,,,,
'Orient,origin,,,,
-,origin,,,,
-Riga,origin,,,,
-Wifstawarf,origin,,,,
.,origin,,,,
A Coruña,origin,,,,
ARCHANGEL,origin,,,,
AXIM,origin,,,,
Aagaards,origin,,,,
Aahus,origin,,,,
Aaland,origin,,,,
Aalborg,origin,,,,
Aalesund,origin,,,,
Aamaes,origin,,,,
Aarhus,origin,,,,
Aasgaardstrand,origin,,,,
Aastad,origin,,,,
Abbola,origin,,,,
Aberdeen,origin,,,,
Ablafors,origin,,,,
Abo,origin,,,,
Abord,origin,,,,
Abus,origin,,,,
Aby,origin,,,,
Abyn,origin,,,,
Abyu,origin,,,,
Acorn Yd,origin,,,,
Adelaide,origin,,,,
Adler,origin,,,,
Adolph Michel,origin,,,,
Africa,origin,,,,
Aguste,origin,,,,
Ahla,origin,,,,
Ahlafors,origin,,,,
Ahlators,origin,,,,
Ahlo,origin,,,,
Ahus,origin,,,,
Aimee,origin,,,,
Akyab,origin,,,,
Aland,origin,,,,
Albany,origin,,,,
Alderney,origin,,,,
Alexandria,origin,,,,
Aleyn,origin,,,,
Alfred,origin,,,,
Alfredsham,origin,,,,
Alfredshamn,origin,,,,
Alfredshem,origin,,,,
Algiers,origin,,,,
Algoa Bay,origin,,,,
"Algoa Bay, N.B.",origin,,,,
Allen,origin,,,,
Alloa,origin,,,,
"Alma, N.B",origin,,,,
"Alma, N.B.",origin,,,,
Almeria,origin,,,,
Almvik,origin,,,,
Alne,origin,,,,
"Alne, Ornskjoldsvik",origin,,,,
Altona,origin,,,,
Alufors,origin,,,,
Alvarado,origin,,,,
Alvik,origin,,,,
Ambro',origin,,,,
Amo,origin,,,,
Amsterdam,origin,,,,
Anciola,origin,,,,
Ancona,origin,,,,
Anderini,origin,,,,
Anga,origin,,,,
Angorn,origin,,,,
Anker,origin,,,,
Anna,origin,,,,
Annapolis,origin,,,,
"Annapolis, N. S.",origin,,,,
"Annapolis, N.S.",origin,,,,
Anray,origin,,,,
Antigua,origin,,,,
Antwerp,origin,,,,
Apalachicola,origin,,,,
"Apalachicola, Fla.",origin,,,,
Apeldo,origin,,,,
Apple River,origin,,,,
Ar-ndal,origin,,,,
Arcachin,origin,,,,
Arcachon,origin,,,,
Archachon,origin,,,,
Archangl.,origin,,,,
Arcnangel,origin,,,,
Ardenal,origin,,,,
Areachon,origin,,,,
Arehangel,origin,,,,
Arenc,origin,,,,
Arend,origin,,,,
Arendal,origin,,,,
Arenos,origin,,,,
Areudal,origin,,,,
Arkhangelsk,origin,,,,
Arno,origin,,,,
Arno Ansag,origin,,,,
Aroachon,origin,,,,
Arohamn,origin,,,,
Arsachons,origin,,,,
Arthur,origin,,,,
Arundal,origin,,,,
Aruskjoldvick,origin,,,,
Asbacka,origin,,,,
Asbacker,origin,,,,
Asbacks,origin,,,,
Asbecka,origin,,,,
Askersund,origin,,,,
Astoria,origin,,,,
Asunder,origin,,,,
Attona,origin,,,,
Attu,origin,,,,
Atu,origin,,,,
Auckland,origin,,,,
"Auckland, N.Z.",origin,,,,
Audierne,origin,,,,
Augusta,origin,,,,
Aura,origin,,,,
Auray,origin,,,,
Aussig,origin,,,,
Australia,origin,,,,
Aux,origin,,,,
Aux Cayes,origin,,,,
Aveiro,origin,,,,
Aviles,origin,,,,
Avonmouth,origin,,,,
"Avonport, N.S.",origin,,,,
Away,origin,,,,
Awray,origin,,,,
Axim,origin,,,,
"Axim, W. C. Africa",origin,,,,
"Axim, W.C. Africa",origin,,,,
Axmar,origin,,,,
Axmar Bruk,origin,,,,
Axmarby,origin,,,,
B'torpshamn,origin,,,,
B. ALMQUIST ... ... ... RED --,origin,,,,
B.ahestadt,origin,,,,
BERGGUARA,origin,,,,
Backmann,origin,,,,
Baddeck,origin,,,,
"Baddeck, C.B.",origin,,,,
Badeck,origin,,,,
Bahia,origin,,,,
Baie Verte,origin,,,,
Baie de Verte,origin,,,,
Ballsta,origin,,,,
Balnarte,origin,,,,
Baltic,origin,,,,
Baltimore,origin,,,,
"Baltimore, U.S.A.",origin,,,,
Balto,origin,,,,
Bangkok,origin,,,,
"Bangkok, via Cadiz",origin,,,,
Bangor,origin,,,,
"Bangor, Maine",origin,,,,
"Bangor, Me.",origin,,,,
"Bangor, U.S.",origin,,,,
"Bangor, U.S.A.",origin,,,,
Bangsund,origin,,,,
Bannesund,origin,,,,
Bannow,origin,,,,
Baraharia,origin,,,,
Barahona,origin,,,,
"Barahona, St. Domingo",origin,,,,
Barbados,origin,,,,
Barcelona,origin,,,,
Bari,origin,,,,
Barkivig,origin,,,,
Barnstaple,origin,,,,
Barohona,origin,,,,
Baronne,origin,,,,
Barquero,origin,,,,
Barrow,origin,,,,
Barrysors,origin,,,,
Bassein,origin,,,,
Batavia,origin,,,,
Batekarnas,origin,,,,
Bath,origin,,,,
Bathurst,origin,,,,
"Bathurst, Gulf of St. Lawrence",origin,,,,
"Bathurst, N.B.",origin,,,,
Batirken,origin,,,,
Batiscan,origin,,,,
Batoumi,origin,,,,
Batskarnas,origin,,,,
Batvik,origin,,,,
Baur,origin,,,,
Bawik,origin,,,,
Bay Chaleur,origin,,,,
"Bay Verte, Montreal",origin,,,,
"Bay Verte, N.B.",origin,,,,
Bay Verts,origin,,,,
Bay de Verte,origin,,,,
"Bay de Verte, N.B.",origin,,,,
Bay of Islands,origin,,,,
BayVerte,origin,,,,
Bayonne,origin,,,,
Bayvert,origin,,,,
Beamerside,origin,,,,
Beaufort,origin,,,,
"Beaufort, S.C.",origin,,,,
Beaver Point,origin,,,,
Belbur,origin,,,,
Belise,origin,,,,
Belize,origin,,,,
Belle,origin,,,,
Belle Isle,origin,,,,
Bellon,origin,,,,
Belon,origin,,,,
Benie,origin,,,,
Benjamin River,origin,,,,
Bennett,origin,,,,
Bennetts & Co,origin,,,,
Benodet,origin,,,,
Beraimis,origin,,,,
Berbice,origin,,,,
Bergen,origin,,,,
Bergen and Stavanger,origin,,,,
Berggvara,origin,,,,
Bergkvara,origin,,,,
Bergquara,origin,,,,
Bergqvora,origin,,,,
Bergrara,origin,,,,
Bergsund,origin,,,,
Bergsviken,origin,,,,
Bermuda,origin,,,,
Bernard,origin,,,,
Bersiamitz,origin,,,,
Bersimis,origin,,,,
Bersimis River,origin,,,,
Betsiamits,origin,,,,
Betsiamitz,origin,,,,
Betsimis,origin,,,,
Bic,origin,,,,
Bideford,origin,,,,
Bidon,origin,,,,
Biga,origin,,,,
Bilbao,origin,,,,
Billien,origin,,,,
Billiers,origin,,,,
Bindalen,origin,,,,
Binic,origin,,,,
Binie,origin,,,,
Bio,origin,,,,
Biornebora,origin,,,,
Bisor,origin,,,,
Bjneborg,origin,,,,
Bjorhnas,origin,,,,
Bjorkna,origin,,,,
Bjorknas,origin,,,,
Bjorko,origin,,,,
Bjorn-borg,origin,,,,
Bjornberg,origin,,,,
Bjorneborg,origin,,,,
Bjornemann,origin,,,,
Bjornkas,origin,,,,
Bjornsborg,origin,,,,
Bjornstorm,origin,,,,
Bjornsund,origin,,,,
Bjornvik,origin,,,,
Black River,origin,,,,
Blankaholm,origin,,,,
Blaye,origin,,,,
Blaze,origin,,,,
Bloody Bay,origin,,,,
Bo deaux,origin,,,,
Bolax,origin,,,,
Bolderaa,origin,,,,
Boleo,origin,,,,
Bollsta,origin,,,,
Bollstabruk,origin,,,,
Bolsiamitz,origin,,,,
Bolsta,origin,,,,
Bomarsund,origin,,,,
Bombay,origin,,,,
Bonavista,origin,,,,
Boncan,origin,,,,
Bonga,origin,,,,
Bonny,origin,,,,
Bord aux,origin,,,,
Borde,origin,,,,
Bordeaux,origin,,,,
Bordeaux via London,origin,,,,
Bordeaux vid London,origin,,,,
Bordx.,origin,,,,
Borg,origin,,,,
Borga,origin,,,,
Borggvara,origin,,,,
Borgn,origin,,,,
Borgo,origin,,,,
Borja,origin,,,,
Boroka,origin,,,,
Borrga,origin,,,,
Boston,origin,,,,
Boston and Halifax,origin,,,,
"Boston, U.S.",origin,,,,
"Boston, U.S.A.",origin,,,,
Botornshamn,origin,,,,
Botorp,origin,,,,
Botorphshamn,origin,,,,
Botorpsham,origin,,,,
Botorpshamn,origin,,,,
Botwoodville,origin,,,,
Boulogne,origin,,,,
Boutouche,origin,,,,
Boya,origin,,,,
Brabestad and Rafso,origin,,,,
Brahestad,origin,,,,
Brahestadt,origin,,,,
Brake,origin,,,,
Brandshamn,origin,,,,
Brazil,origin,,,,
Bredvik,origin,,,,
Breme,origin,,,,
Bremen,origin,,,,
Bremerhaven,origin,,,,
Brest,origin,,,,
Brest pitwood,origin,,,,
Brevig,origin,,,,
Brewers Lagoon,origin,,,,
Bridgewater,origin,,,,
"Bridgewater, N.S.",origin,,,,
Bridgwater,origin,,,,
"Bridgwater, N.S.",origin,,,,
Brisbane,origin,,,,
Bristol,origin,,,,
British Columbia,origin,,,,
Broke,origin,,,,
Bruges,origin,,,,
Brunchausen,origin,,,,
Brunne,origin,,,,
Brunswick,origin,,,,
"Brunswick, Ga.",origin,,,,
"Brunswick, Geo.",origin,,,,
"Brunswick, Georgia",origin,,,,
"Brunswick, U.S.",origin,,,,
Brussels,origin,,,,
Bstaiamitz,origin,,,,
Buctouche,origin,,,,
"Buctouche, N.B.",origin,,,,
Buenos Aires,origin,,,,
Bullriver,origin,,,,
Bunbury,origin,,,,
Bure,origin,,,,
Burea,origin,,,,
Bureo,origin,,,,
Burrard's Inlet,origin,,,,
Burria,origin,,,,
Burso,origin,,,,
Byake,origin,,,,
Byske,origin,,,,
Byxke,origin,,,,
C. Helsingfors,origin,,,,
CAPE BRETON,origin,,,,
CRONSTADT,origin,,,,
Ca'cutta,origin,,,,
Cabarati,origin,,,,
Cabarete,origin,,,,
Cabenda,origin,,,,
Caderona,origin,,,,
Cadiz,origin,,,,
Caen,origin,,,,
Cagliari,origin,,,,
Calabar,origin,,,,
Calais,origin,,,,
Calcutta,origin,,,,
Calder,origin,,,,
Calicut,origin,,,,
Calileo,origin,,,,
Calix,origin,,,,
Calmo,origin,,,,
Camarina,origin,,,,
Camarinas,origin,,,,
Camel,origin,,,,
Cameret,origin,,,,
Campbellton,origin,,,,
"Campbellton, N.B.",origin,,,,
"Campbelltown, N.B.",origin,,,,
Campbeltown,origin,,,,
"Campbeltown, N.B.",origin,,,,
Campechi,origin,,,,
Canada,origin,,,,
Canarinas,origin,,,,
Caneron,origin,,,,
Canillac,origin,,,,
Canterbury,origin,,,,
Cap Lopaz,origin,,,,
Cap Lopez,origin,,,,
Cape,origin,,,,
Cape Chat,origin,,,,
Cape Haitien,origin,,,,
Cape Hayti,origin,,,,
Cape Lopez,origin,,,,
Cape Tormentine,origin,,,,
"Cape Tormentine, N.B.",origin,,,,
Cape Town,origin,,,,
Caramanal,origin,,,,
Caramenal,origin,,,,
Caraminal,origin,,,,
Caraminas,origin,,,,
Carammal,origin,,,,
Carany,origin,,,,
Caraquet,origin,,,,
"Caraquet, D.C.",origin,,,,
"Caraquet, N.B.",origin,,,,
Caraquette,origin,,,,
Carde,origin,,,,
Cardenas,origin,,,,
Cardiff,origin,,,,
"Cardigan, P.E.I.",origin,,,,
Carisvik,origin,,,,
Carl,origin,,,,
Carlahamn,origin,,,,
Carlberg,origin,,,,
Carlisle Bay,origin,,,,
Carlscrona,origin,,,,
Carlskrona,origin,,,,
Carlstad,origin,,,,
Carlsvik,origin,,,,
Carnac,origin,,,,
Carrie,origin,,,,
Carril,origin,,,,
Carrizal,origin,,,,
Carrol,origin,,,,
Cartagena,origin,,,,
Castropol,origin,,,,
Cat Island,origin,,,,
Catania,origin,,,,
Catterina,origin,,,,
Cayo,origin,,,,
Ceara,origin,,,,
"Cedar Keys, U.S.A.",origin,,,,
Ch,origin,,,,
Chailles,origin,,,,
"Chama, W.C. Africa",origin,,,,
Champion Bay,origin,,,,
Champoten,origin,,,,
Charente,origin,,,,
Charles,origin,,,,
Charleston,origin,,,,
"Charleston, N.S.",origin,,,,
"Charleston, S.C.",origin,,,,
"Charleston, S.O.",origin,,,,
"Charleston, U.S.",origin,,,,
Charlestown,origin,,,,
"Charlestown, S.C.",origin,,,,
Charlotte Town P,origin,,,,
"Charlotte Town, P.E.I.",origin,,,,
Charlottetown,origin,,,,
"Charlottetown, P E.I.",origin,,,,
Chatham,origin,,,,
Chatham N B,origin,,,,
Chatham N. B.,origin,,,,
Chatham N.B.,origin,,,,
"Chatham, N B",origin,,,,
"Chatham, N B.",origin,,,,
"Chatham, N. B.",origin,,,,
Chepstow,origin,,,,
Cherbourg,origin,,,,
Cherril,origin,,,,
Cherry Garden Pier,origin,,,,
Cheshire,origin,,,,
Chicontima,origin,,,,
Chicontine,origin,,,,
Chicoutimi,origin,,,,
Chiltepec,origin,,,,
Chittagong,origin,,,,
Chri,origin,,,,
Christensen,origin,,,,
Christiania,origin,,,,
Christiania and Gothenburg,origin,,,,
"Christiania, Laurvig, and Arendal",origin,,,,
"Christiania, Laurvigdal",origin,,,,
"Christiania, etc.",origin,,,,
Christianopel,origin,,,,
Christianople,origin,,,,
Christiansand,origin,,,,
Christianstadt,origin,,,,
Christiaria,origin,,,,
Christie,origin,,,,
Christina,origin,,,,
Christine,origin,,,,
Christineatad,origin,,,,
Christinehamn,origin,,,,
Churchbridge,origin,,,,
Cienfuegos,origin,,,,
Cimbritshamn,origin,,,,
City St. Domingo,origin,,,,
City of Domingo,origin,,,,
City of Son,origin,,,,
Clare,origin,,,,
Clare Castle,origin,,,,
Co,origin,,,,
Coastwise,origin,,,,
Coatzacoalcos,origin,,,,
"Coatzcoalcos, Mexico",origin,,,,
Cobourete,origin,,,,
Cocagne,origin,,,,
"Cocagne, N.B.",origin,,,,
Cocaigne,origin,,,,
"Cocaigne, N.B.",origin,,,,
Cochin,origin,,,,
Cochon,origin,,,,
Coconada,origin,,,,
Colberg,origin,,,,
Colbergermunde,origin,,,,
Colbjornsen,origin,,,,
Colmar,origin,,,,
Cologne,origin,,,,
Colombo,origin,,,,
Colon,origin,,,,
Comarina,origin,,,,
Commercial Dk,origin,,,,
Concarnean,origin,,,,
Concarneau,origin,,,,
Copenhagen,origin,,,,
Corcarneau,origin,,,,
Corcubion,origin,,,,
Corfu,origin,,,,
Cork,origin,,,,
Cornelius,origin,,,,
"Cornwallis, N.S.",origin,,,,
Corronne,origin,,,,
Cortland,origin,,,,
Corunra,origin,,,,
County,origin,,,,
Covesec,origin,,,,
Cristinestad,origin,,,,
Croisic,origin,,,,
Cronstadt and Wyborg,origin,,,,
Cronstudt,origin,,,,
Crorstadt,origin,,,,
Cuba,origin,,,,
Cubucto,origin,,,,
Cumberland Basin,origin,,,,
Cunbushamn,origin,,,,
Curacao,origin,,,,
Curacoa,origin,,,,
Curagoa,origin,,,,
"Cutting, Ground",origin,,,,
Cuxhaven,origin,,,,
Dago,origin,,,,
Dahl,origin,,,,
Dahlkarls,origin,,,,
Dahlkarlsa,origin,,,,
Dal,origin,,,,
Dalhousie,origin,,,,
"Dalhousie, N.B.",origin,,,,
Dalkarlsa,origin,,,,
Dame d'Esperance,origin,,,,
Danovara,origin,,,,
Dansig,origin,,,,
Dantric,origin,,,,
Dantsic,origin,,,,
Dantzio,origin,,,,
Danzie,origin,,,,
Danzig,origin,,,,
Darg,origin,,,,
Darien,origin,,,,
"Darien, Ga.",origin,,,,
"Dariero, G.A.",origin,,,,
Darklkahn,origin,,,,
Darłowo,origin,,,,
De Brodre,origin,,,,
Delfhaven,origin,,,,
Delfshaven,origin,,,,
Delftshaven,origin,,,,
Demarara,origin,,,,
Demerara,origin,,,,
Denmark,origin,,,,
Derby,origin,,,,
Dieppe,origin,,,,
"Digby, N.S.",origin,,,,
Djupvik,origin,,,,
Djupviken,origin,,,,
Dobay,origin,,,,
Dobery,origin,,,,
Doboy,origin,,,,
"Doboy, U.S.A.",origin,,,,
Dohlkarsla,origin,,,,
Dolphin,origin,,,,
Domejo,origin,,,,
Domjo,origin,,,,
Domsjo,origin,,,,
Domsjo and Nordsmalings,origin,,,,
Donelan,origin,,,,
Donlin,origin,,,,
Dorchester,origin,,,,
Dordrecht,origin,,,,
Dordt,origin,,,,
Dorkt,origin,,,,
Dort,origin,,,,
Douarnenes,origin,,,,
Douarnenez,origin,,,,
Drag,origin,,,,
Dragerce,origin,,,,
Draget,origin,,,,
Drago,origin,,,,
Dragsvik,origin,,,,
Drama,origin,,,,
Drambak,origin,,,,
Dramman,origin,,,,
Drammen,origin,,,,
Dramn,origin,,,,
Drangsoud,origin,,,,
Drangsund,origin,,,,
Dranklippan,origin,,,,
Drebak,origin,,,,
Drng,origin,,,,
Droback,origin,,,,
Drobak,origin,,,,
Drogheda,origin,,,,
Dronning,origin,,,,
Dronthiem,origin,,,,
"Drysdale, N.B.",origin,,,,
Dublin,origin,,,,
Dumfries,origin,,,,
Dungarvon,origin,,,,
Dunkerque,origin,,,,
Dunkirk,origin,,,,
Duppe,origin,,,,
Dursey,origin,,,,
Dwarf,origin,,,,
Dyno,origin,,,,
Dyreberg,origin,,,,
E. Indies,origin,,,,
E. Pascagoula,origin,,,,
East London,origin,,,,
East Port,origin,,,,
Eatonville,origin,,,,
Economy,origin,,,,
Economy Point,origin,,,,
"Economy Point, N.S.",origin,,,,
"Economy Point, Nova Scotia",origin,,,,
"Economy, N.B.",origin,,,,
"Economy, N.S.",origin,,,,
"Economy, U.S.",origin,,,,
Ed,origin,,,,
Edense,origin,,,,
Egersund,origin,,,,
Eggesund,origin,,,,
Ekenas,origin,,,,
Elburg,origin,,,,
Elfrego,origin,,,,
Eliser,origin,,,,
Elma,origin,,,,
Elobey,origin,,,,
Eloby,origin,,,,
"Elohey, W.C. Africa",origin,,,,
Elsberg,origin,,,,
Elsfleth,origin,,,,
Elsinore,origin,,,,
Emden,origin,,,,
Emil,origin,,,,
Emilie,origin,,,,
Emnbodd,origin,,,,
Enoch,origin,,,,
Eriksdal,origin,,,,
Esacger,origin,,,,
Esbjerg,origin,,,,
Esborg,origin,,,,
Escoumains,origin,,,,
Esperanza,origin,,,,
Esquimalt,origin,,,,
Essequibo,origin,,,,
Essvik,origin,,,,
Essviken,origin,,,,
Esurken,origin,,,,
Esvik,origin,,,,
Exploit Bay,origin,,,,
Exploits Bay,origin,,,,
F' stad,origin,,,,
F'dericksvoern,origin,,,,
F'dksvoern,origin,,,,
F'drikstvoern,origin,,,,
F'driksvoern,origin,,,,
F'kstad,origin,,,,
F'stad.,origin,,,,
F'stadt,origin,,,,
FIUME,origin,,,,
FRITZOE,origin,,,,
FRONTERA,origin,,,,
Faaborg,origin,,,,
Faan,origin,,,,
Faekenburg,origin,,,,
Faenerhaur,origin,,,,
Fagervik,origin,,,,
Fahrsund,origin,,,,
Falkenb'g,origin,,,,
Falkenberg,origin,,,,
Falkner,origin,,,,
Falkonberg,origin,,,,
Familie,origin,,,,
Fano,origin,,,,
Faon,origin,,,,
Farosund,origin,,,,
Fataholm,origin,,,,
Fatvik,origin,,,,
Fauley,origin,,,,
Faxa,origin,,,,
Fayal,origin,,,,
Fecamp,origin,,,,
Ferdinandina,origin,,,,
Fernandina,origin,,,,
Fernavik,origin,,,,
Ferrol,origin,,,,
Fiano,origin,,,,
Fide,origin,,,,
Figeholm,origin,,,,
Fijeholm,origin,,,,
Filtvedt,origin,,,,
Fingelholm,origin,,,,
Finkklippan,origin,,,,
Finklipsan,origin,,,,
Finland,origin,,,,
Finnklippan,origin,,,,
Fischer,origin,,,,
Fiskebackskil,origin,,,,
Fiskebackskill,origin,,,,
Fiume and Trieste,origin,,,,
Five Islands,origin,,,,
"Five Islands, N.S.",origin,,,,
Flanders,origin,,,,
Flekkiefiord,origin,,,,
Flekkifiord,origin,,,,
Fogelvik,origin,,,,
"For the carpenter, slater, and plasterer's work of new dwelling",origin,,,,
Fordeaux,origin,,,,
Fordeux,origin,,,,
Forman,origin,,,,
Forresborough,origin,,,,
Forrsogrund,origin,,,,
Forsabyham,origin,,,,
Forsby,origin,,,,
Forsgrund,origin,,,,
Forsly Ham,origin,,,,
Fort Cortes,origin,,,,
"Fort Royal, U.S.A.",origin,,,,
Fowstkage,origin,,,,
Foxe,origin,,,,
Fr. Laxa,origin,,,,
Framfors,origin,,,,
Framnas,origin,,,,
Fran,origin,,,,
France,origin,,,,
Franceville,origin,,,,
Franck,origin,,,,
Frangsound,origin,,,,
Frankfort,origin,,,,
Frankhald,origin,,,,
Frano,origin,,,,
Franton,origin,,,,
Fre.irikshald,origin,,,,
Fredenstrand,origin,,,,
Fredericksham,origin,,,,
Fredericksvoern,origin,,,,
Frederikahald,origin,,,,
Frederiksen,origin,,,,
Frederikshaldt,origin,,,,
Frederikshall,origin,,,,
Frederiksham,origin,,,,
Frederikshavn,origin,,,,
Frederiksoern,origin,,,,
Frederiksvorn,origin,,,,
Fredestrand,origin,,,,
Fredikshald,origin,,,,
Fredrick,origin,,,,
Fredrickshald,origin,,,,
Fredrickshaldt,origin,,,,
Fredrickshamn,origin,,,,
Fredrik Wilhelm,origin,,,,
Fredrikehald,origin,,,,
Fredriksbald,origin,,,,
Fredriksham,origin,,,,
Fredrikshamm,origin,,,,
Fredrikshavn,origin,,,,
Fredriksta't,origin,,,,
Fredrikstad,origin,,,,
Fredrikstrand,origin,,,,
Fredriksund,origin,,,,
Fredriksval,origin,,,,
Fredriksvern,origin,,,,
Fredriksvoarn,origin,,,,
Fredriksvorn,origin,,,,
Fredrikvaern,origin,,,,
Fredrikvoern,origin,,,,
Freigo,origin,,,,
Freijo,origin,,,,
Fremantle,origin,,,,
Frey,origin,,,,
Freyo,origin,,,,
Fridrikstadt,origin,,,,
Frisketackskil,origin,,,,
Fritzoe,origin,,,,
"Fritzoe, Laurvig",origin,,,,
Frome,origin,,,,
Frontera,origin,,,,
Frontera de Tabasco,origin,,,,
Frostkage,origin,,,,
Frostkorge,origin,,,,
Fuen,origin,,,,
Fuime,origin,,,,
Furnogrund,origin,,,,
Furuogrund,origin,,,,
G'brg,origin,,,,
G'burg.,origin,,,,
G'stadt,origin,,,,
GAMLA KARLEBY,origin,,,,
GRATEFUL AND COMFORTING.,origin,,,,
Gaarp,origin,,,,
Gaboon,origin,,,,
Gala,origin,,,,
Galatola,origin,,,,
Galats,origin,,,,
Galeatacka,origin,,,,
Galle,origin,,,,
Gallsta,origin,,,,
Galveston,origin,,,,
Galway,origin,,,,
Gamla Carleby,origin,,,,
Gamla Karleby,origin,,,,
Gamlastadt,origin,,,,
Gamleby,origin,,,,
Gaspe,origin,,,,
Gaston,origin,,,,
Gdańsk,origin,,,,
Gebens,origin,,,,
Gedeabuella,origin,,,,
Gefle and Sandarne,origin,,,,
Gefle and Skutskar,origin,,,,
Geila,origin,,,,
Genoa,origin,,,,
Georgetown,origin,,,,
"Geraldton, W.A.",origin,,,,
Germany,origin,,,,
Geschwister,origin,,,,
Ghent,origin,,,,
Gibara,origin,,,,
"Gibara, Cuba",origin,,,,
Gibraltar,origin,,,,
Gideabacka,origin,,,,
Gidebacha,origin,,,,
Gidenbacha,origin,,,,
Gidenbacka,origin,,,,
Girgenti,origin,,,,
Girl,origin,,,,
Gloucester,origin,,,,
Gnarp,origin,,,,
Go'burg,origin,,,,
Go'henburg,origin,,,,
"Gold River, N.S.",origin,,,,
Gopaulpore,origin,,,,
Goth,origin,,,,
Gotheaburg,origin,,,,
Gotheby,origin,,,,
Gothenb'g,origin,,,,
Gothenbarg,origin,,,,
Gothenborg,origin,,,,
Gothenburg,origin,,,,
Gothenburg and Cronstadt,origin,,,,
Gothenburg and Fredik,origin,,,,
Gothenburg and Fredrikstad,origin,,,,
Gothenburg and Warberg,origin,,,,
"Gothenburg, Christinia, and Drammen",origin,,,,
Gotherburg,origin,,,,
Gothik,origin,,,,
Gotterburg,origin,,,,
Grainsland,origin,,,,
Grand Bay,origin,,,,
"Grand Bay, Saguenay",origin,,,,
Grand Pablos,origin,,,,
Grand Pabos,origin,,,,
Grand Palios,origin,,,,
Grand Palls,origin,,,,
Grange,origin,,,,
Grangemouth,origin,,,,
Granville,origin,,,,
Green Island,origin,,,,
"Green Island, Jamaica",origin,,,,
Grenada,origin,,,,
Greytown,origin,,,,
Grimsby,origin,,,,
Grimstad,origin,,,,
"Grindestone Island, N.B.",origin,,,,
Grindstone Island,origin,,,,
Grinsted,origin,,,,
Grop,origin,,,,
Grundsvik,origin,,,,
Grundvik,origin,,,,
Grunstad,origin,,,,
Guantanamo,origin,,,,
Gudingen,origin,,,,
Guernsey,origin,,,,
Gustafsberg,origin,,,,
Gustafshamn,origin,,,,
Guttstrom,origin,,,,
Guysboro',origin,,,,
"Guysboro', N.S.",origin,,,,
"Guysboro,' N.S.",origin,,,,
Guysborough,origin,,,,
"Guysborough, N.S.",origin,,,,
Gymer,origin,,,,
Gävle,origin,,,,
Göteborg,origin,,,,
H,origin,,,,
H'bont,origin,,,,
HERNO-SAND,origin,,,,
HERNOSAND,origin,,,,
Ha,origin,,,,
Haab,origin,,,,
Hadoen,origin,,,,
Hafendamm,origin,,,,
Hakala,origin,,,,
Hakkala,origin,,,,
Halax,origin,,,,
Halden,origin,,,,
Haliered,origin,,,,
Halifax,origin,,,,
Halifax and Baltimore,origin,,,,
Halifax and Boston,origin,,,,
Halifax and Philadelphia,origin,,,,
Halifax and Portland,origin,,,,
"Halifax, N.",origin,,,,
"Halifax, N.B.",origin,,,,
"Halifax, N.S. and St. John, N.B.",origin,,,,
"Halifax, N.S.,",origin,,,,
"Halifax, U S",origin,,,,
"Halifax,N.S.",origin,,,,
Halista,origin,,,,
Halix,origin,,,,
Hall,origin,,,,
Hall's Bay,origin,,,,
Halleta,origin,,,,
Hallsta,origin,,,,
Hallstavik,origin,,,,
Halmestrand,origin,,,,
Halmstad,origin,,,,
Halmstrand,origin,,,,
Halsc,origin,,,,
Halso,origin,,,,
Halsoen,origin,,,,
Hambeschow,origin,,,,
Hamburg,origin,,,,
Hamn,origin,,,,
Hamnholmen,origin,,,,
"Hampton, Jamaica",origin,,,,
Hangesund,origin,,,,
Hango,origin,,,,
Hannah,origin,,,,
Hanskalaete,origin,,,,
Hansta,origin,,,,
Hantsport,origin,,,,
Haparanda,origin,,,,
Harborg,origin,,,,
Harbour,origin,,,,
Harburg,origin,,,,
Harfvarfeg,origin,,,,
Harg,origin,,,,
Harlingen,origin,,,,
Harmas,origin,,,,
Harnae,origin,,,,
Harnas,origin,,,,
Harnas and Gefle,origin,,,,
Harne,origin,,,,
Harnosand,origin,,,,
Hartmann,origin,,,,
Hartvik,origin,,,,
"Harvey, N.B",origin,,,,
"Harvey, N.B.",origin,,,,
Haslsta,origin,,,,
Hassvik,origin,,,,
Havana,origin,,,,
Havnefjord,origin,,,,
Hawkins,origin,,,,
Hayle,origin,,,,
Haynasch,origin,,,,
Haynash,origin,,,,
Held,origin,,,,
Helensborg,origin,,,,
Helgenas,origin,,,,
Helmstadt,origin,,,,
Helmsund,origin,,,,
Helsinborg,origin,,,,
Helsingborg,origin,,,,
Helsingfors,origin,,,,
Helsingfors and Kotka,origin,,,,
Hennebent,origin,,,,
Henneboat,origin,,,,
Hennebon,origin,,,,
Hennebont,origin,,,,
Hennebout,origin,,,,
Hennel ont,origin,,,,
Hernebont,origin,,,,
Hernefors,origin,,,,
Hernhamn,origin,,,,
Hernos,origin,,,,
Hernosan,origin,,,,
Hernosand and Stockholm,origin,,,,
Hernosen,origin,,,,
Herr,origin,,,,
Herre,origin,,,,
Herring Cove,origin,,,,
"Herring Cove, N.S.",origin,,,,
"Herring Neck, N.fld.",origin,,,,
Herte,origin,,,,
Hietanen,origin,,,,
Higge,origin,,,,
Hilbrungsberg,origin,,,,
Hill,origin,,,,
"Hillbrough, N.S.",origin,,,,
Hillsboro',origin,,,,
"Hillsboro', N.B.",origin,,,,
"Hillsboro', N.S.",origin,,,,
Hillsborough,origin,,,,
Hillsborough N.B.,origin,,,,
Hillsbro',origin,,,,
Hirschberg,origin,,,,
Hjorthammar,origin,,,,
Hobart,origin,,,,
Hobart Town,origin,,,,
Hoenash,origin,,,,
Hofund,origin,,,,
Hofvid,origin,,,,
Hollen,origin,,,,
Holm,origin,,,,
Holmen,origin,,,,
Holmestrand,origin,,,,
Holms,origin,,,,
Holmstad,origin,,,,
Holmsund,origin,,,,
Holsingfors,origin,,,,
Holsta,origin,,,,
Homlstrand,origin,,,,
Hommebrik,origin,,,,
Hommelvig,origin,,,,
Hommelvik,origin,,,,
Honduras,origin,,,,
Honfleur,origin,,,,
Hopewell Cape,origin,,,,
"Hopewell Cape, N.B.",origin,,,,
Hornefors,origin,,,,
Horningsholm,origin,,,,
Horseno,origin,,,,
Horsens,origin,,,,
Horten,origin,,,,
Hosnas,origin,,,,
Housie,origin,,,,
Hower,origin,,,,
Huddickwall,origin,,,,
Hudicksvall,origin,,,,
Hudikowall,origin,,,,
Hudiksval,origin,,,,
Hudikswal',origin,,,,
Hudikswall,origin,,,,
Huelva,origin,,,,
Hulf,origin,,,,
Hull,origin,,,,
Hulst,origin,,,,
Hummelvik,origin,,,,
Husbyvick,origin,,,,
Hushgoik,origin,,,,
Hussein,origin,,,,
Husum,origin,,,,
Hyvik,origin,,,,
Härnösand,origin,,,,
IN,origin,,,,
Ida,origin,,,,
Idefjord,origin,,,,
Iggesund,origin,,,,
Igzesund,origin,,,,
Inverleith Windau,origin,,,,
Inverness,origin,,,,
Ipswich,origin,,,,
Iraskjoldsvik,origin,,,,
Istanbul,origin,,,,
Italy,origin,,,,
Itiga,origin,,,,
Itzehoe,origin,,,,
Ivetofta,origin,,,,
Jacksonville,origin,,,,
Jacobstadt,origin,,,,
Jacques River,origin,,,,
"Jacquit River, N.B.",origin,,,,
Jakobstad,origin,,,,
Jamacia,origin,,,,
Jamaica,origin,,,,
Janssen,origin,,,,
Java,origin,,,,
Jemtosund,origin,,,,
Jerfed,origin,,,,
Jernen,origin,,,,
Jersey,origin,,,,
Jesfed,origin,,,,
Joannesund,origin,,,,
"Joggins, N.S.",origin,,,,
Johan,origin,,,,
Johannadal,origin,,,,
Johannedal,origin,,,,
Johannesnass,origin,,,,
Johannesvik,origin,,,,
John,origin,,,,
Jones,origin,,,,
Jordan River,origin,,,,
"Jordan River, N.S.",origin,,,,
Jorfed,origin,,,,
Josephine,origin,,,,
Jule,origin,,,,
Jull,origin,,,,
K. Tor,origin,,,,
Kaanessari,origin,,,,
Kaipara,origin,,,,
Kalajoki,origin,,,,
Kalix,origin,,,,
Kallera,origin,,,,
Kallero,origin,,,,
Kallio,origin,,,,
Kalmar,origin,,,,
Kannessauri,origin,,,,
Kannisaari,origin,,,,
Kannisaarri,origin,,,,
Kannissaari,origin,,,,
Kannissan,origin,,,,
Kannissaru,origin,,,,
Karenhdel,origin,,,,
Karholm,origin,,,,
Karhula,origin,,,,
Karistad,origin,,,,
Karleby,origin,,,,
Karlruhs,origin,,,,
Karlscrona,origin,,,,
Karlshamn,origin,,,,
Karlskrona,origin,,,,
Karlstad,origin,,,,
Karten,origin,,,,
Kaska,origin,,,,
Kasko,origin,,,,
Kathammaravik,origin,,,,
Katka,origin,,,,
Katthammaravik,origin,,,,
Katthammarsvik,origin,,,,
Kaumussan,origin,,,,
Kaunessari,origin,,,,
Kaunissaari,origin,,,,
Kaunussari,origin,,,,
Kaurnussaari,origin,,,,
Kem,origin,,,,
Kemel,origin,,,,
Kemi,origin,,,,
Keret,origin,,,,
Kerni,origin,,,,
Kersvik,origin,,,,
Key West,origin,,,,
Kiga,origin,,,,
Killeviken,origin,,,,
Kimouski,origin,,,,
Kimovski,origin,,,,
Kingero,origin,,,,
Kingsgar,origin,,,,
Kingsgarden,origin,,,,
Kingston,origin,,,,
"Kingston, Jamaica",origin,,,,
Kioja,origin,,,,
Kisoer,origin,,,,
Kjlorn,origin,,,,
Kjorn,origin,,,,
Klaipeda,origin,,,,
Klampenberg,origin,,,,
Klampenborg,origin,,,,
Klampenburg,origin,,,,
Klasviken,origin,,,,
Klintehamn,origin,,,,
Klintsham,origin,,,,
Klippe,origin,,,,
Knysna,origin,,,,
Ko,origin,,,,
Kobe,origin,,,,
Koga,origin,,,,
Kohlboda,origin,,,,
Koja,origin,,,,
Kolboden,origin,,,,
Kon'gsberg,origin,,,,
Kong,origin,,,,
Kongsmo,origin,,,,
Konigsberg,origin,,,,
Konigsborg,origin,,,,
Konigsburg,origin,,,,
Koping,origin,,,,
Kopmanhalmon,origin,,,,
Kopmanholman,origin,,,,
Kopmanholmen,origin,,,,
Koppvik,origin,,,,
Kor gaborg,origin,,,,
Kothka,origin,,,,
Kotja,origin,,,,
Kotka,origin,,,,
Kotka and Wyborg,origin,,,,
Kovda,origin,,,,
Koy,origin,,,,
Kraeroe,origin,,,,
Krageoe,origin,,,,
Kragerce,origin,,,,
Kragero,origin,,,,
Kragerroe,origin,,,,
Kramfors,origin,,,,
Kramfors and Nordmaling,origin,,,,
Krasko,origin,,,,
Kristiania,origin,,,,
Kristianopol,origin,,,,
Kristinestad,origin,,,,
Kronstadt,origin,,,,
Kubikenborg,origin,,,,
Kungagarden,origin,,,,
Kungsbacka,origin,,,,
Kungsgarden,origin,,,,
Kungsgarten,origin,,,,
Kungshamn,origin,,,,
Kurrachee,origin,,,,
Kvlorn,origin,,,,
Kylom,origin,,,,
Kyloren,origin,,,,
L' Orient,origin,,,,
L'Eguille,origin,,,,
L. H. Carl,origin,,,,
LAGOS,origin,,,,
LIBAU,origin,,,,
La Faon,origin,,,,
La Plata,origin,,,,
La Roche-Bernard,origin,,,,
La Rochefort,origin,,,,
La Rochelle,origin,,,,
La Tremblade,origin,,,,
La Trinite,origin,,,,
La Vera Cruz,origin,,,,
Labarette,origin,,,,
Lagos,origin,,,,
Laguna,origin,,,,
Laguna de Terminos,origin,,,,
Lagunade,origin,,,,
Laguno,origin,,,,
Lahou qty logs and timber sundry consignees,origin,,,,
Laing,origin,,,,
Lake Wetter,origin,,,,
Lalaja,origin,,,,
Landerneau,origin,,,,
Landgangen,origin,,,,
Landsburg,origin,,,,
Landscrona,origin,,,,
Landskrona,origin,,,,
Landswall,origin,,,,
Landvik,origin,,,,
Lang,origin,,,,
Langangen,origin,,,,
Langangfjord,origin,,,,
Langen,origin,,,,
Langessund,origin,,,,
Langesund,origin,,,,
Langford,origin,,,,
Langoer,origin,,,,
Langronna,origin,,,,
Langror,origin,,,,
Lappmanholmen,origin,,,,
Lappvik,origin,,,,
Largs,origin,,,,
Larva,origin,,,,
Larvik,origin,,,,
Las Palmas,origin,,,,
Last week several accidents occurred at Mr. Statham's saw,origin,,,,
Lauenburg,origin,,,,
Lauivg,origin,,,,
Launay,origin,,,,
Launig,origin,,,,
Lauroig,origin,,,,
Laurrig,origin,,,,
Laurvig,origin,,,,
Laurvigen,origin,,,,
Lavender Dk,origin,,,,
Lavia,origin,,,,
Law,origin,,,,
Le Faou,origin,,,,
Le Havre,origin,,,,
Le Tremblade,origin,,,,
Le'que,origin,,,,
Leer,origin,,,,
Lefjefjord,origin,,,,
Legne,origin,,,,
Legue,origin,,,,
Leontine,origin,,,,
Leopold,origin,,,,
Lepreux,origin,,,,
Leque,origin,,,,
Leroy,origin,,,,
Lervik,origin,,,,
Levanger,origin,,,,
Levarger,origin,,,,
Levo,origin,,,,
Liban,origin,,,,
Liepāja,origin,,,,
Lieutenant von Wetzleten,origin,,,,
Lieutenant von Witzleben,origin,,,,
Lilla Vartan,origin,,,,
Lilla Varten,origin,,,,
Lilla Wartan,origin,,,,
Lilla Warten,origin,,,,
Lillesand,origin,,,,
Limerick,origin,,,,
Limo,origin,,,,
Linkoping,origin,,,,
Lisbon,origin,,,,
Liscomb,origin,,,,
Liscomb Harbour,origin,,,,
"Liscomb, N.S.",origin,,,,
"Liscombe, N.S.",origin,,,,
"Littleton, N.Z.",origin,,,,
Liverpool,origin,,,,
"Liverpool, N.S.",origin,,,,
Livingston,origin,,,,
Livorno,origin,,,,
Ljuene,origin,,,,
Ljughorn,origin,,,,
Ljurne,origin,,,,
Ljusne,origin,,,,
Lockne,origin,,,,
Lockno,origin,,,,
Lofvik,origin,,,,
Loient,origin,,,,
London,origin,,,,
Londorgroen,origin,,,,
Lorenz,origin,,,,
Lorient,origin,,,,
Lorkno,origin,,,,
Lornas,origin,,,,
Louise,origin,,,,
Louvain,origin,,,,
Lovisa,origin,,,,
Lower Kalix,origin,,,,
Lower Lauenburg,origin,,,,
Lu'ea,origin,,,,
Luarca,origin,,,,
Lubeck,origin,,,,
Ludvig,origin,,,,
Lugnooh,origin,,,,
Lugnvik,origin,,,,
Luguvik,origin,,,,
Luhe,origin,,,,
Lulea,origin,,,,
Lulea and Skelleftea,origin,,,,
Lules,origin,,,,
Lund,origin,,,,
Lunde,origin,,,,
Luvia,origin,,,,
Luvik,origin,,,,
Lymington,origin,,,,
Lyngoer,origin,,,,
Lyngoor,origin,,,,
Lyrgoer,origin,,,,
Lysekil,origin,,,,
Lysekvil,origin,,,,
MADAGASCAR,origin,,,,
MANZANILLO,origin,,,,
MEMEL,origin,,,,
MESANE,origin,,,,
"MILL COMPANY, Johnstone Saw",origin,,,,
"MILL, PORT",origin,,,,
MONTROSE,origin,,,,
Mabon,origin,,,,
Macane,origin,,,,
Maccaw,origin,,,,
Madagascar,origin,,,,
Madras,origin,,,,
Madsen,origin,,,,
Magdalen River,origin,,,,
Mahone Bay,origin,,,,
Maija,origin,,,,
Maja,origin,,,,
Makslahti,origin,,,,
Makslaks,origin,,,,
Malja,origin,,,,
Malmo,origin,,,,
Malmstadt,origin,,,,
Mandal,origin,,,,
Manilla,origin,,,,
Manzanilla,origin,,,,
Manzanillo,origin,,,,
Maracaibo,origin,,,,
Maraham,origin,,,,
Maramham,origin,,,,
Maranham,origin,,,,
Margarethe,origin,,,,
Margretha,origin,,,,
Margrethe,origin,,,,
Maria,origin,,,,
Marie,origin,,,,
Marie Windau,origin,,,,
Marieberg,origin,,,,
Marieborg,origin,,,,
Mariehamn,origin,,,,
Mariehill,origin,,,,
Marin,origin,,,,
Marino,origin,,,,
Marma,origin,,,,
Maros,origin,,,,
Marseilles,origin,,,,
Marstal,origin,,,,
Marstrand,origin,,,,
Mass,origin,,,,
Matane,origin,,,,
Matanzas,origin,,,,
Matawa,origin,,,,
Mauritius,origin,,,,
Mauritzberg,origin,,,,
Mayaguez,origin,,,,
Mazatlan,origin,,,,
Mazzarelli,origin,,,,
Mculmein,origin,,,,
Mediterranean,origin,,,,
Medleaks,origin,,,,
Melbourne,origin,,,,
Melbu,origin,,,,
Melchers,origin,,,,
Mem,origin,,,,
Mentz,origin,,,,
Mera,origin,,,,
Mercury Bay,origin,,,,
Merlaix,origin,,,,
Meschers,origin,,,,
Mesen,origin,,,,
Mesquer,origin,,,,
Messina,origin,,,,
Mestis,origin,,,,
Meta,origin,,,,
Metane,origin,,,,
Metis,origin,,,,
Mexico,origin,,,,
Middlepart,origin,,,,
Milford,origin,,,,
Milk River,origin,,,,
Miller,origin,,,,
Millwall Dk,origin,,,,
Milsamvig,origin,,,,
Milsemvig,origin,,,,
Minatitlan,origin,,,,
Minde,origin,,,,
Minititlan,origin,,,,
Miramichi,origin,,,,
Miramichi York,origin,,,,
"Miramichi, N.B.",origin,,,,
Miramishi,origin,,,,
Miridan,origin,,,,
Missouri,origin,,,,
Mo,origin,,,,
Mobile,origin,,,,
"Mobile, Ala.",origin,,,,
Mogensen,origin,,,,
Molde,origin,,,,
Moller,origin,,,,
Mona's Isle,origin,,,,
Monastir,origin,,,,
"Moncton, N.B.",origin,,,,
Mone,origin,,,,
Monksund,origin,,,,
Monsquodoboit,origin,,,,
Monsteraas,origin,,,,
Monsteros,origin,,,,
Montego Bay,origin,,,,
Montevideo,origin,,,,
Montreal,origin,,,,
Montreal and Quebec,origin,,,,
Montreal and Three Rivers,origin,,,,
Montreal via London,origin,,,,
Montrose,origin,,,,
Morant Bay,origin,,,,
Morennes,origin,,,,
Morlaix,origin,,,,
Morliax,origin,,,,
Mosane,origin,,,,
Mose,origin,,,,
"Moser River, N.S.",origin,,,,
Moss,origin,,,,
Moss and Holmestrand,origin,,,,
Mossel Bay,origin,,,,
Moulmein,origin,,,,
Moum,origin,,,,
Muhlgraben,origin,,,,
Muhlgraven,origin,,,,
Munksund,origin,,,,
Muolsund,origin,,,,
Muros,origin,,,,
Murphy,origin,,,,
Murray,origin,,,,
Murray Bay,origin,,,,
Murray Harbour,origin,,,,
Musquash,origin,,,,
"Musquash, N. B.",origin,,,,
"Musquash, N.B.",origin,,,,
Musquodoboit,origin,,,,
Myonus,origin,,,,
Mönsterås,origin,,,,
N,origin,,,,
N. Orleans,origin,,,,
N. York,origin,,,,
N.B.,origin,,,,
Naaka,origin,,,,
Nacka,origin,,,,
Nadoscha,origin,,,,
Nafso,origin,,,,
Namso,origin,,,,
Namsos,origin,,,,
Nantes,origin,,,,
Nantes and Bordeaux,origin,,,,
Narrkoping,origin,,,,
Narva,origin,,,,
Narvic,origin,,,,
Narvik,origin,,,,
Naskaske,origin,,,,
Naske,origin,,,,
Naskee,origin,,,,
Nassau,origin,,,,
Nassau Tonala,origin,,,,
Nastor,origin,,,,
Neder Kalix and Sweden,origin,,,,
Nedercalix,origin,,,,
Nederkalik,origin,,,,
Nederkalix,origin,,,,
Nersuoes,origin,,,,
Ness,origin,,,,
Neuvelle,origin,,,,
Neva,origin,,,,
Nevis,origin,,,,
New Brunswick,origin,,,,
New Carlisle,origin,,,,
"New Mills, N.B.",origin,,,,
New O.leans,origin,,,,
New Orleans,origin,,,,
"New Orleans to Belfast, trans",origin,,,,
New Port,origin,,,,
New Richmond,origin,,,,
"New Richmond, N.B.",origin,,,,
New River,origin,,,,
New Ross,origin,,,,
New York,origin,,,,
"New York, U.S.",origin,,,,
Newburgh,origin,,,,
Newcast'e,origin,,,,
Newcastle,origin,,,,
"Newcastle, N.B.",origin,,,,
Newfairwater,origin,,,,
Newfoundland,origin,,,,
Newport,origin,,,,
Newport Mews,origin,,,,
Newport News,origin,,,,
"Newport News, V.",origin,,,,
"Newport News, Va",origin,,,,
"Newport News, Va.",origin,,,,
"Newport, Va.",origin,,,,
Newry,origin,,,,
Niedercallix,origin,,,,
Nivero,origin,,,,
Njvik,origin,,,,
Noderkalix,origin,,,,
Nora,origin,,,,
Nordkoping,origin,,,,
Nordmaling,origin,,,,
Norfolk,origin,,,,
Norfolk News,origin,,,,
Norfolk and Newport News,origin,,,,
"Norfolk, N.S.",origin,,,,
"Norfolk, V.A.",origin,,,,
"Norfolk, VA.",origin,,,,
"Norfolk, Va",origin,,,,
"Norfolk, Var.",origin,,,,
Norrjelge,origin,,,,
Norrkoping,origin,,,,
Norrsund,origin,,,,
Norrsundet,origin,,,,
Norrtelge,origin,,,,
Norrtelje,origin,,,,
Norrvik,origin,,,,
Norrviken,origin,,,,
Norsholm,origin,,,,
Nortelge,origin,,,,
"North Port, N.S.",origin,,,,
Northport,origin,,,,
"Northport, U.S.",origin,,,,
Norvik,origin,,,,
Norway,origin,,,,
Norway Yd,origin,,,,
Norwegian,origin,,,,
Noskey,origin,,,,
Nossi Be,origin,,,,
Nouvelle,origin,,,,
Nova Scotia,origin,,,,
Now Orleans,origin,,,,
Now York,origin,,,,
Noya,origin,,,,
Nuevitas,origin,,,,
"Nvhamn, Soderhamn",origin,,,,
Nvhann,origin,,,,
Ny Carleby,origin,,,,
Ny Kopparberg,origin,,,,
"Ny, Karleby",origin,,,,
Nybamn,origin,,,,
Nyborg,origin,,,,
Nyburg,origin,,,,
Nycarleby,origin,,,,
Nyham,origin,,,,
Nyhamn,origin,,,,
Nyhaun,origin,,,,
Nykarbley,origin,,,,
Nykarleby,origin,,,,
Nykjobing,origin,,,,
Nykoping,origin,,,,
Nyland,origin,,,,
Nynamn,origin,,,,
"Nynamn, Soderhamn",origin,,,,
Nyrvik,origin,,,,
Nystad,origin,,,,
Nysted,origin,,,,
Nytorp,origin,,,,
Nyvic,origin,,,,
Nyvick,origin,,,,
Nyvik,origin,,,,
Nyw York,origin,,,,
O xe osund,origin,,,,
OABARETTE,origin,,,,
ON,origin,,,,
OUT OF PACKING,origin,,,,
Oaen,origin,,,,
Oak Bay,origin,,,,
"Oak Bay, N.B.",origin,,,,
"Oak Bay, N.B.,",origin,,,,
"Oak Bay, N.S.",origin,,,,
Oarril,origin,,,,
Obbola,origin,,,,
Odense,origin,,,,
Odense and Fredrikshamn,origin,,,,
Odense and Norrkoping,origin,,,,
Odessa,origin,,,,
Ogmore Co,origin,,,,
Old Calabar,origin,,,,
Old Harbour,origin,,,,
Olofsford,origin,,,,
Olofstors and Gefle,origin,,,,
Olskoldsvick,origin,,,,
Omsach,origin,,,,
Onega,origin,,,,
Onega and Soroka,origin,,,,
Onen,origin,,,,
Onkedalsorn,origin,,,,
Oplo,origin,,,,
Oploe,origin,,,,
Oporto,origin,,,,
Oran,origin,,,,
Oregon,origin,,,,
Oreground,origin,,,,
Oregrund,origin,,,,
Orendal,origin,,,,
Oresund,origin,,,,
Orient,origin,,,,
Orkedalen,origin,,,,
Orkedalsoren,origin,,,,
Orkidulsken,origin,,,,
Orleans,origin,,,,
Ornekj,origin,,,,
Ornoviken,origin,,,,
Ornskavik,origin,,,,
Ornskjoldvik,origin,,,,
Ornskoldsvik,origin,,,,
Ornskoldsvit,origin,,,,
Ornskoldswik,origin,,,,
Ornskolksvik,origin,,,,
Ornswall,origin,,,,
Oromocto,origin,,,,
Oronstadt,origin,,,,
Orotastadt,origin,,,,
Osbeck,origin,,,,
Oscar,origin,,,,
Oscarsbamn,origin,,,,
Oscarshamn,origin,,,,
Oscarshamp,origin,,,,
Oskarn,origin,,,,
Oskarshamn,origin,,,,
Osoarshamn,origin,,,,
Ostende,origin,,,,
Ostersjon,origin,,,,
Ostrana,origin,,,,
Ostrand,origin,,,,
Otto,origin,,,,
Owari,origin,,,,
Oxarhaven,origin,,,,
Oxelosund,origin,,,,
Oxford,origin,,,,
P,origin,,,,
P. E I.,origin,,,,
P. E. Island,origin,,,,
P.E. Island,origin,,,,
PRESTO,origin,,,,
PUERTO PLATA,origin,,,,
PUGET SOUND,origin,,,,
PUNTA ARENAS,origin,,,,
Pabos,origin,,,,
Paimboeuf,origin,,,,
Paimpol,origin,,,,
Palermo,origin,,,,
Panama,origin,,,,
Panillac,origin,,,,
Pansborg,origin,,,,
Pantine,origin,,,,
Papenberg,origin,,,,
Papenburg,origin,,,,
Paquebot de Brest,origin,,,,
Para,origin,,,,
Parabobo,origin,,,,
Parahyba,origin,,,,
Parell,origin,,,,
Paris,origin,,,,
Parisienne,origin,,,,
Parlamar,origin,,,,
Parnham,origin,,,,
Parr.boro,origin,,,,
"Parraboro', N.S.",origin,,,,
Parrsboro,origin,,,,
"Parrsboro', N.B.",origin,,,,
Parrsboroug,origin,,,,
Parrsborough,origin,,,,
Parrsborough N.S.,origin,,,,
"Parrsborough, N S.",origin,,,,
"Parrsborough, N.S.",origin,,,,
Parrsbro',origin,,,,
"Parrsbro', N.S.",origin,,,,
"Parrsbro', N.T.",origin,,,,
Parrshow,origin,,,,
Parsbro',origin,,,,
Parva,origin,,,,
Pasages,origin,,,,
Pascagoula,origin,,,,
"Pascagoula, N.S.",origin,,,,
Paskallavik,origin,,,,
Paskllavik,origin,,,,
Paspebiac,origin,,,,
Pasquet,origin,,,,
Passages,origin,,,,
Pat,origin,,,,
Pataholm,origin,,,,
Patoum,origin,,,,
Patras,origin,,,,
Pauillac,origin,,,,
Pearl River,origin,,,,
Penang,origin,,,,
Penascola,origin,,,,
Pensaco'a,origin,,,,
Pensacola,origin,,,,
Pentecost,origin,,,,
Penzance,origin,,,,
Penze,origin,,,,
Pernambuco,origin,,,,
Pernau,origin,,,,
Pernaviken,origin,,,,
Pernaw,origin,,,,
Pernosand,origin,,,,
Pernovik,origin,,,,
Pernoviken,origin,,,,
Person,origin,,,,
Pesta,origin,,,,
Petea,origin,,,,
Peter and Paul,origin,,,,
Peterlaks,origin,,,,
Petersen,origin,,,,
Petits Mechins,origin,,,,
Phila,origin,,,,
Philadelphia,origin,,,,
Picton,origin,,,,
"Picton, N.S.",origin,,,,
Pictou,origin,,,,
"Pictou, N.B.",origin,,,,
"Pictou, N.S.",origin,,,,
Pierreville,origin,,,,
Pierreville and Quebec,origin,,,,
Pierville,origin,,,,
Pigeholm,origin,,,,
Pikkala,origin,,,,
Pillan,origin,,,,
Pillau,origin,,,,
Pitea,origin,,,,
Pjelax Kasko,origin,,,,
Plata,origin,,,,
Point Wolf,origin,,,,
Ponsacola,origin,,,,
Pont Aven,origin,,,,
Pont L Abbe,origin,,,,
Pont L'Abbe,origin,,,,
Pont Neuf,origin,,,,
Pont l'able,origin,,,,
Pont-l'Abbé,origin,,,,
Pontaven,origin,,,,
Pontecost,origin,,,,
Pontorson,origin,,,,
Poole,origin,,,,
Por,origin,,,,
Poragrund,origin,,,,
Porgrun,origin,,,,
Porsgrand,origin,,,,
Porsgrund,origin,,,,
Porsholm,origin,,,,
Port Audierne,origin,,,,
Port Blair,origin,,,,
Port Blakely,origin,,,,
Port Cortes,origin,,,,
Port Glasgow,origin,,,,
Port Hill,origin,,,,
Port Lannay,origin,,,,
Port Larralde,origin,,,,
Port Laurvig,origin,,,,
Port Louis,origin,,,,
Port Louise,origin,,,,
Port Medway,origin,,,,
"Port Medway, N.B.",origin,,,,
"Port Medway, U.S.",origin,,,,
Port Royal,origin,,,,
"Port Royal, S.C.",origin,,,,
"Port Royal, S.E.",origin,,,,
"Port Royal, U.S.",origin,,,,
"Port Royal, U.S.A.",origin,,,,
"Port Royal, W.I.",origin,,,,
Port Saunders,origin,,,,
Port Townsend,origin,,,,
Port au,origin,,,,
Port of Darien,origin,,,,
Port-Launay,origin,,,,
Port-au-Prince,origin,,,,
Porthonis,origin,,,,
Portland,origin,,,,
Portland Maine,origin,,,,
Portland Me.,origin,,,,
"Portland, M.",origin,,,,
"Portland, Ma.",origin,,,,
"Portland, Maine",origin,,,,
"Portland, Me",origin,,,,
"Portland, Me.",origin,,,,
"Portland, O.",origin,,,,
"Portland, Or.",origin,,,,
"Portland, Oregon",origin,,,,
"Portland, U.S.A.",origin,,,,
Porto Plata,origin,,,,
Porto Rico,origin,,,,
Portsal,origin,,,,
Poston,origin,,,,
Presta,origin,,,,
Presto,origin,,,,
Preston,origin,,,,
Prince Edward Island,origin,,,,
Prince Edward's Island,origin,,,,
Princesses,origin,,,,
Puebla,origin,,,,
Puebla de Caraminal,origin,,,,
Puebla del Caraminal,origin,,,,
Puerta Cortes,origin,,,,
Puerto Cabello,origin,,,,
Puerto Cortez,origin,,,,
Puerto Plata,origin,,,,
Puget Sound,origin,,,,
Pugwash,origin,,,,
"Pugwash, N.B.",origin,,,,
"Pugwash, N.S.",origin,,,,
Pukakirk,origin,,,,
Punta Arenas,origin,,,,
Pyterlaks,origin,,,,
Pyttis,origin,,,,
Quebec,origin,,,,
Quebec and Montreal,origin,,,,
Quega,origin,,,,
Quella,origin,,,,
Quimper,origin,,,,
Qvartvik,origin,,,,
R. Bernard,origin,,,,
Radon,origin,,,,
Rafo,origin,,,,
Rafsa,origin,,,,
Rafso,origin,,,,
Ralso,origin,,,,
Rambak,origin,,,,
Ramso,origin,,,,
Ramvik,origin,,,,
Rander,origin,,,,
Randers,origin,,,,
Randers and Fredrikshavn,origin,,,,
Ranea,origin,,,,
Rangers,origin,,,,
Rangoon,origin,,,,
Rangsound,origin,,,,
Ranmo,origin,,,,
Rano,origin,,,,
Rask,origin,,,,
Ratan,origin,,,,
Rauma,origin,,,,
Raumea,origin,,,,
Red Creek,origin,,,,
Redon,origin,,,,
Remers,origin,,,,
Rendsburg,origin,,,,
Rennes,origin,,,,
Reonneby,origin,,,,
Repola,origin,,,,
"Repola, Finland",origin,,,,
Reunion,origin,,,,
Reval,origin,,,,
Revel,origin,,,,
Richibouctou,origin,,,,
"Richibucto, N.B.",origin,,,,
Richibuoto,origin,,,,
Richmond,origin,,,,
"Richmond, Va.",origin,,,,
Riga,origin,,,,
Rige,origin,,,,
Rijeka,origin,,,,
Rika,origin,,,,
Rilgedahl,origin,,,,
Rimouski,origin,,,,
Ringarde,origin,,,,
Rio Grande do Sul,origin,,,,
Rio Hacha,origin,,,,
"Rio Hacha, U.S.",origin,,,,
Rio Janeiro,origin,,,,
Rio de la Hache,origin,,,,
Risby,origin,,,,
Riscer,origin,,,,
Riser,origin,,,,
Risier,origin,,,,
Risoe,origin,,,,
Risoer,origin,,,,
Risor,origin,,,,
Risver,origin,,,,
Riv. Plate,origin,,,,
Rivadeo,origin,,,,
River,origin,,,,
River Ouelle,origin,,,,
River Plate,origin,,,,
River Quelle,origin,,,,
River Saguenay,origin,,,,
River St. Lawrence,origin,,,,
Robertshor,origin,,,,
Roche Bernand,origin,,,,
Rochefort,origin,,,,
Rochehon,origin,,,,
Rochelle,origin,,,,
Rockabema,origin,,,,
Rockingham,origin,,,,
"Rockingham, W A",origin,,,,
Rockport,origin,,,,
Rod,origin,,,,
Rodbertus,origin,,,,
Rodestrand,origin,,,,
Rodon,origin,,,,
Rofso,origin,,,,
Ronne,origin,,,,
Ronneby,origin,,,,
Rordeaux,origin,,,,
Rorgqvara,origin,,,,
Rorso,origin,,,,
Rorvik,origin,,,,
Rosa,origin,,,,
Rosario,origin,,,,
Rosbras,origin,,,,
Roscoff,origin,,,,
Rosetta,origin,,,,
Rosso,origin,,,,
Rotterdam,origin,,,,
Roueie Bernard,origin,,,,
Rouen,origin,,,,
Rounshy,origin,,,,
Rovda,origin,,,,
Rowntrees,origin,,,,
Royan,origin,,,,
Roytta,origin,,,,
Ruchee,origin,,,,
Ruetouche,origin,,,,
Rugeldine,origin,,,,
Rugenwald,origin,,,,
Rugewalde,origin,,,,
Rusoer,origin,,,,
Russia,origin,,,,
Russoar,origin,,,,
Ruthula,origin,,,,
"S. John, N.B.",origin,,,,
S. W. Africa,origin,,,,
SANDS,origin,,,,
SHARP,origin,,,,
ST,origin,,,,
STROMBORG,origin,,,,
SWARTWIK,origin,,,,
Sabine Pass,origin,,,,
Sach Kallan,origin,,,,
Sackville,origin,,,,
"Sackville, N.B.",origin,,,,
Sada,origin,,,,
Saffi,origin,,,,
Sagua,origin,,,,
Saguenay,origin,,,,
Saigon,origin,,,,
Saint Domingo,origin,,,,
Saint-Brieuc,origin,,,,
Saints,origin,,,,
Salaro,origin,,,,
Salis,origin,,,,
Salmis,origin,,,,
"Salo, Abo",origin,,,,
Salsaker,origin,,,,
Salsburg,origin,,,,
Salstrom,origin,,,,
Saltholmen,origin,,,,
Saltkallan,origin,,,,
Saltkallen,origin,,,,
Saltock,origin,,,,
Saltvik,origin,,,,
Salvator,origin,,,,
Salvesen & Co,origin,,,,
Samarang,origin,,,,
San Cyprian,origin,,,,
San Domingo,origin,,,,
San Francisco,origin,,,,
San Pedro,origin,,,,
San lefjord,origin,,,,
Sanda,origin,,,,
Sandarne,origin,,,,
Sandefjord,origin,,,,
Sandeflord,origin,,,,
Sandefurd,origin,,,,
Sandetjord,origin,,,,
Sandfiord,origin,,,,
Sandiefiord,origin,,,,
Sandiefurd,origin,,,,
Sandifgord,origin,,,,
Sandifjord,origin,,,,
Sandioford,origin,,,,
Sando,origin,,,,
Sandoo,origin,,,,
Sandssund,origin,,,,
Sandswell,origin,,,,
Sandvik,origin,,,,
Sandvik and Umea,origin,,,,
Sandviken,origin,,,,
Sannes,origin,,,,
Sannesund,origin,,,,
Santa Ana,origin,,,,
"Santa Ana, Mexico",origin,,,,
Santa Cruz,origin,,,,
Santa Cruz de Cuba,origin,,,,
Santa Cruz del Sur,origin,,,,
Santa Eugenia,origin,,,,
Santander,origin,,,,
Santanter,origin,,,,
Santiago de Cuba,origin,,,,
Santos,origin,,,,
Sapelo,origin,,,,
Sapelo Sound,origin,,,,
"Sapelo, Ga",origin,,,,
"Sapelo, Ga.",origin,,,,
Sapilo,origin,,,,
Sapso,origin,,,,
Sapuo,origin,,,,
Sarpsborg,origin,,,,
Sastmola,origin,,,,
Satilla,origin,,,,
Satilla River,origin,,,,
Sault,origin,,,,
Sault au,origin,,,,
Sault au Cochon,origin,,,,
Sauris,origin,,,,
Savanilla,origin,,,,
Savannah,origin,,,,
"Savannah, Georgia",origin,,,,
"Savannah, U.S.",origin,,,,
Savenas,origin,,,,
Savernaes,origin,,,,
Savona,origin,,,,
Scarsport,origin,,,,
Schabk,origin,,,,
Schiedam,origin,,,,
Schippswick,origin,,,,
Scholocklea,origin,,,,
Secumkali,origin,,,,
Sederhamn,origin,,,,
Serpa,origin,,,,
Setubal,origin,,,,
Sevastopol,origin,,,,
Shanghai,origin,,,,
Shediac,origin,,,,
"Shediac, N.B.",origin,,,,
Sheet Harbour,origin,,,,
"Sheet Harbour, Canada",origin,,,,
"Sheet Harbour, N. B.",origin,,,,
"Sheet Harbour, N.B.",origin,,,,
"Sheet Harbour, N.S.",origin,,,,
"Sheet Harbour, U.S.",origin,,,,
Sheliac,origin,,,,
"Sheliac, N.B.",origin,,,,
"Shemogue, N.B.,",origin,,,,
Sherbrooke,origin,,,,
"Sherbrooke, N.S.",origin,,,,
Ship Harbor,origin,,,,
Ship Harbour,origin,,,,
Ship Harbour N,origin,,,,
"Ship Harbour, N.S.",origin,,,,
Ship Island,origin,,,,
"Shulee, N.S.",origin,,,,
Shulu,origin,,,,
Sidekaviken,origin,,,,
Sietwende,origin,,,,
Sikea,origin,,,,
Simo,origin,,,,
Simon,origin,,,,
Singapore,origin,,,,
Sinowjews,origin,,,,
Sjune,origin,,,,
Skein,origin,,,,
Skelleftea,origin,,,,
Skepfovik,origin,,,,
Skeppevik,origin,,,,
Skepps,origin,,,,
Skeppsvik,origin,,,,
Skien,origin,,,,
Skippevik,origin,,,,
Skjoldvik,origin,,,,
Skonvik,origin,,,,
Skonwick,origin,,,,
Skouvik,origin,,,,
Skutakar,origin,,,,
Skutekar,origin,,,,
Skuthamn,origin,,,,
Skutskar,origin,,,,
Skutskar and Harnas,origin,,,,
Skutvik,origin,,,,
Sleipner,origin,,,,
Slingso,origin,,,,
Slite,origin,,,,
Slitehamn,origin,,,,
Smartvik,origin,,,,
Smyrna,origin,,,,
Snaeroen,origin,,,,
Snaroen,origin,,,,
Snaroen and Christiania,origin,,,,
Snarven,origin,,,,
Sod rhamn,origin,,,,
Soderhamn,origin,,,,
Soderhamn nd Iggesund,origin,,,,
Soderkalix,origin,,,,
Soderkoping,origin,,,,
Soderkopling,origin,,,,
Sodernamn,origin,,,,
Sodertelje,origin,,,,
Sofia,origin,,,,
Soladstrom,origin,,,,
Solsatsen,origin,,,,
Solstadstrom,origin,,,,
Solstastrom,origin,,,,
Solstradstrom,origin,,,,
Solvetsburg,origin,,,,
Soon,origin,,,,
Soperhamn,origin,,,,
Soraka,origin,,,,
Soraker,origin,,,,
Soraki,origin,,,,
Sorel,origin,,,,
Sorga,origin,,,,
Sornas,origin,,,,
Sornas Helsingfors,origin,,,,
Soroka,origin,,,,
Sourabaya,origin,,,,
Sourabayo,origin,,,,
South West Africa,origin,,,,
Southampton,origin,,,,
Spain,origin,,,,
Spencer Island,origin,,,,
"Spencer's Island, N.S.",origin,,,,
Sprangsviken,origin,,,,
Spruce Deals,origin,,,,
St,origin,,,,
St Brieux,origin,,,,
St John N.B.,origin,,,,
"St John, N B",origin,,,,
"St John, N.B.",origin,,,,
"St John, NB",origin,,,,
"St, John, N.B.",origin,,,,
St.,origin,,,,
St. Alfred,origin,,,,
St. Ana,origin,,,,
St. Ann's Bay,origin,,,,
St. Anna,origin,,,,
St. Anne des Monts,origin,,,,
St. Annes des Montes,origin,,,,
St. Brie ux,origin,,,,
St. Charles,origin,,,,
St. Clair,origin,,,,
St. Cyprian,origin,,,,
St. Domingo,origin,,,,
St. Estephe,origin,,,,
St. Estophe,origin,,,,
St. Etienne,origin,,,,
St. Eugenia,origin,,,,
St. Eugenie,origin,,,,
St. George's,origin,,,,
"St. George, N.B.",origin,,,,
St. Ignace,origin,,,,
St. Jago,origin,,,,
St. Jago de Cuba,origin,,,,
St. John,origin,,,,
St. John N.B.,origin,,,,
St. John's,origin,,,,
St. John's and Halifax,origin,,,,
"St. John's, N.F.",origin,,,,
"St. John's, Newfoundland",origin,,,,
"St. John, Halifax",origin,,,,
"St. John, N B",origin,,,,
"St. John, N B,",origin,,,,
"St. John, N B.",origin,,,,
"St. John, N.B",origin,,,,
"St. John, N.P.",origin,,,,
"St. John, N.S.",origin,,,,
St. John. N.B.,origin,,,,
"St. Johns, N.B.",origin,,,,
St. Lawrence,origin,,,,
St. Lucia,origin,,,,
St. Malo,origin,,,,
St. Margaret's Bay,origin,,,,
"St. Margaret's Bay, N.S",origin,,,,
"St. Margaret's Bay, N.S.",origin,,,,
St. Mary,origin,,,,
St. Mary River,origin,,,,
St. Mary's,origin,,,,
"St. Mary's, Georgia",origin,,,,
"St. Mary's, N.S.",origin,,,,
"St. Marzonell's Bay, N.S.",origin,,,,
St. Montreal,origin,,,,
St. Nazaire,origin,,,,
St. Orleans,origin,,,,
St. P'burg,origin,,,,
St. P'burg.,origin,,,,
St. Paul's Bay,origin,,,,
St. Peter,origin,,,,
St. Petersburg,origin,,,,
St. Petersburg Town,origin,,,,
St. Petersburg and Cronstadt,origin,,,,
St. Servan,origin,,,,
St. Simon's,origin,,,,
St. Simon's Island,origin,,,,
"St. Simon's, Florida",origin,,,,
St. Simons,origin,,,,
St. Thomas,origin,,,,
"St. Thomas, Quebec",origin,,,,
St. Trogan,origin,,,,
St. Vaast,origin,,,,
St.Trojan,origin,,,,
Stad,origin,,,,
Stathelle,origin,,,,
Stavanger,origin,,,,
Stavarf,origin,,,,
Ste. Marie,origin,,,,
Stedumas,origin,,,,
Steel Harbour,origin,,,,
Stege,origin,,,,
Stenkjaer,origin,,,,
Stenkjar,origin,,,,
Stenkjoer,origin,,,,
Stensborg,origin,,,,
Stenviker,origin,,,,
Stettin,origin,,,,
Stettin and Gothenburg,origin,,,,
Stocka,origin,,,,
Stocka and Skelleftea,origin,,,,
Stockasag,origin,,,,
Stockavik,origin,,,,
Stockazog,origin,,,,
Stockholm,origin,,,,
Stockholm and Newfair,origin,,,,
Stockholm and Rafso,origin,,,,
Stockholm and Soderhamn,origin,,,,
Stockholm and Sundswall,origin,,,,
Stocks,origin,,,,
Stockssag,origin,,,,
Stockvick,origin,,,,
Stockvig,origin,,,,
Stockvik,origin,,,,
Stockviken,origin,,,,
Stoess,origin,,,,
Stohka,origin,,,,
Stoka,origin,,,,
Stolpemunde,origin,,,,
Stooka,origin,,,,
Storfors,origin,,,,
Storka,origin,,,,
"Storung, Gothland",origin,,,,
Storvig,origin,,,,
Stralsund,origin,,,,
Strand,origin,,,,
Strangon,origin,,,,
Stranjo,origin,,,,
Strathbogie,origin,,,,
Stromfors,origin,,,,
"Stromfors, Finland",origin,,,,
Strommas,origin,,,,
Stromnas,origin,,,,
Stromness,origin,,,,
Stromstad,origin,,,,
Stronstad,origin,,,,
Stronvik,origin,,,,
Stugsund,origin,,,,
"Stugsund, Soderhamn",origin,,,,
Stutsboda,origin,,,,
Stutshoda,origin,,,,
Sudroen,origin,,,,
Suimper,origin,,,,
Sulina,origin,,,,
Summerside,origin,,,,
"Summerside, P.E.I.",origin,,,,
Sund,origin,,,,
Sundabolay,origin,,,,
Sundal,origin,,,,
Sundarne,origin,,,,
Sundau,origin,,,,
Sundawall,origin,,,,
Sunderland,origin,,,,
Sunderstag,origin,,,,
Sundewall,origin,,,,
Sunds Bolog,origin,,,,
Sundsore,origin,,,,
Sundsvall,origin,,,,
Sundsvik,origin,,,,
Sundsvoern,origin,,,,
Sundswall,origin,,,,
Sundt,origin,,,,
Sundvik,origin,,,,
Sunnas,origin,,,,
Surinam,origin,,,,
Sutcliffe,origin,,,,
Suudswall,origin,,,,
Svano,origin,,,,
Svartson,origin,,,,
Svartvik,origin,,,,
Svartwik,origin,,,,
Svelarg,origin,,,,
Svelvig,origin,,,,
Svelvik,origin,,,,
Svendborg,origin,,,,
Svenesund,origin,,,,
Sverre,origin,,,,
Svinocr,origin,,,,
Svinor,origin,,,,
Swansea,origin,,,,
Swante,origin,,,,
Swartvick,origin,,,,
Swarwik,origin,,,,
Sweden,origin,,,,
Swinemunde,origin,,,,
Swinesund,origin,,,,
Sydney,origin,,,,
Syra,origin,,,,
Syske,origin,,,,
Szarson,origin,,,,
T. W. Allen,origin,,,,
TLACOTALPAM,origin,,,,
TRUXILLO,origin,,,,
Tabasco,origin,,,,
Table Bay,origin,,,,
Tacoma,origin,,,,
Tadansoe,origin,,,,
Tadousac,origin,,,,
Taganrog,origin,,,,
Tagonrog,origin,,,,
Tain,origin,,,,
Tampico,origin,,,,
Tangror,origin,,,,
"Tapia, Spain",origin,,,,
Tapilco,origin,,,,
Tatamagouche,origin,,,,
"Tatamagouche, N.B.",origin,,,,
Tecolutla,origin,,,,
Tell,origin,,,,
Terneuzen,origin,,,,
"The cargo of pit props ex Martha, from Christiania, reported last week to the Gritton Coal Co., were for Mr. T. Atkinson, of Newcastle",origin,,,,
"The finest floors are said to be seen in Russia. For those of the highest grade, tropical woods are exclusively employed. Fir and pine are never used, as in consequence of their sticky character they attract and retain dust and dirt, and thereby soon become blackened. Pitch pine too is liable to shrink, even after being well seasoned. The mosaic wood floors in Russia are of extraordinary beauty. One, in the Summer Palace, is of small squares of ebony inlaid with mother",origin,,,,
Theophile,origin,,,,
Thisted,origin,,,,
Thomas,origin,,,,
Thompson,origin,,,,
Three Islands,origin,,,,
Three Sisters,origin,,,,
Three Towns,origin,,,,
Throndhjem,origin,,,,
Throndjem,origin,,,,
Throndsjem,origin,,,,
Tiansand,origin,,,,
"Tidnish, N.S.",origin,,,,
Tignish,origin,,,,
"Tignish, P.E.I.",origin,,,,
Tillinge,origin,,,,
Tillingenabben,origin,,,,
Tillingnabben,origin,,,,
Timmernabbem,origin,,,,
Timmernabben,origin,,,,
Timrå,origin,,,,
Tlacatalpam,origin,,,,
Tlacotalpam,origin,,,,
Tlacotalpan,origin,,,,
Tlatocalpan,origin,,,,
Tonala,origin,,,,
Tonnay Charante,origin,,,,
Tonnay Charaute,origin,,,,
Torafors,origin,,,,
Toreforg,origin,,,,
Torefors,origin,,,,
Tornea,origin,,,,
Torneadal,origin,,,,
Torneouen,origin,,,,
Tornes,origin,,,,
Torngberg,origin,,,,
Tornio,origin,,,,
Toroes,origin,,,,
Torre del Greco,origin,,,,
Torsfors,origin,,,,
Tracadie,origin,,,,
Trangsund,origin,,,,
Treaniskow,origin,,,,
Tredes'rand,origin,,,,
Tredestrand,origin,,,,
Treffenberg,origin,,,,
Treguier,origin,,,,
Trehiguer,origin,,,,
Trehiguier,origin,,,,
Trenberth,origin,,,,
Treport,origin,,,,
Treshchow,origin,,,,
Tresukstea,origin,,,,
Trieste,origin,,,,
Trieste and Fiume,origin,,,,
"Trieste, Fiume",origin,,,,
Triesto,origin,,,,
Trimsaran,origin,,,,
Trinidad,origin,,,,
Trinidad de Cuba,origin,,,,
Trois Pistoles,origin,,,,
Trois-Rivières,origin,,,,
Tromblade,origin,,,,
Tromso,origin,,,,
Trondheim,origin,,,,
Trondhjem,origin,,,,
Trondjem,origin,,,,
Trontero,origin,,,,
Troon,origin,,,,
Trouville,origin,,,,
Trujillo,origin,,,,
Tunadal,origin,,,,
Tunas de Zaza,origin,,,,
Tupilco,origin,,,,
Turkey,origin,,,,
Tusket,origin,,,,
"Tusket, N.S.",origin,,,,
Tvede,origin,,,,
Tvedestrand,origin,,,,
Twedestrand,origin,,,,
Tweed,origin,,,,
Twillingate,origin,,,,
Tyedestrand,origin,,,,
Tyne Dock,origin,,,,
Tønsberg,origin,,,,
Uamarina,origin,,,,
Udbyhoi,origin,,,,
Uddevalla,origin,,,,
Uddowalla,origin,,,,
Udewalla,origin,,,,
Ulea,origin,,,,
Uleabo'g,origin,,,,
Uleaborg,origin,,,,
Ulenborg,origin,,,,
Ulfsberg,origin,,,,
Ulfvik,origin,,,,
Ulindaw,origin,,,,
Ullanger,origin,,,,
Ulrich,origin,,,,
Umea,origin,,,,
Umea and Mo,origin,,,,
Upsal,origin,,,,
Uraskoldsvik,origin,,,,
Ursvik,origin,,,,
Ursviken,origin,,,,
Urvik,origin,,,,
Urvoiken,origin,,,,
Utanigo,origin,,,,
Uthammar,origin,,,,
Uto,origin,,,,
Utoo,origin,,,,
V'garcia,origin,,,,
Vaasa,origin,,,,
Vadro,origin,,,,
Valencia,origin,,,,
Vallagareia,origin,,,,
Vallo,origin,,,,
Valparaiso,origin,,,,
Valvig,origin,,,,
Vamsos,origin,,,,
Vances,origin,,,,
Vancouver,origin,,,,
Vancouver I.,origin,,,,
Vancouver's Island,origin,,,,
Vanevik,origin,,,,
Vannes,origin,,,,
Varberg,origin,,,,
Vardo,origin,,,,
Vardoe,origin,,,,
Varel,origin,,,,
Vefser,origin,,,,
Vefsn,origin,,,,
Vegesack,origin,,,,
Velsen,origin,,,,
Venice,origin,,,,
Ventspils,origin,,,,
Vera Cruz,origin,,,,
Verona,origin,,,,
Verte,origin,,,,
Vesta,origin,,,,
Vesteras,origin,,,,
Vianna do Castello,origin,,,,
Victoria,origin,,,,
Vienna,origin,,,,
Vigo,origin,,,,
Vilagarcía de Arousa,origin,,,,
Villa Garcia,origin,,,,
Villa Vartan,origin,,,,
Villa garcia,origin,,,,
Villagareia,origin,,,,
Villegrain,origin,,,,
Vinje,origin,,,,
Viria,origin,,,,
Visby,origin,,,,
Visero,origin,,,,
Vitea,origin,,,,
Vivero,origin,,,,
Vizagapatam,origin,,,,
Vlaarbingen,origin,,,,
Vlaardingen,origin,,,,
Vlardingen,origin,,,,
Vlissingen,origin,,,,
Vordingborg,origin,,,,
Vyborg,origin,,,,
Västervik,origin,,,,
W,origin,,,,
W. C. Africa,origin,,,,
W. C. O. Africa,origin,,,,
W. C. of Africa,origin,,,,
W. Donaldson,origin,,,,
W. Indies,origin,,,,
W. O. of Africa,origin,,,,
"W.C. Africa, Forcados",origin,,,,
W.C.A.,origin,,,,
W.C.Africa,origin,,,,
W.O. Africa,origin,,,,
WESTERVIK,origin,,,,
WORKING MACHINERY.,origin,,,,
Waawa,origin,,,,
Wadau,origin,,,,
Wadstena,origin,,,,
Waija,origin,,,,
Wanerk,origin,,,,
Wanevik,origin,,,,
Wanewik,origin,,,,
Wanks River,origin,,,,
Wansvik,origin,,,,
Warber,origin,,,,
Warborg,origin,,,,
Warburg,origin,,,,
Wardoe,origin,,,,
Wartsala,origin,,,,
Warwik,origin,,,,
Waterford,origin,,,,
Wava,origin,,,,
Waya,origin,,,,
"We have received from the office, and saw",origin,,,,
Wederlaks,origin,,,,
Weener,origin,,,,
Wefsel,origin,,,,
Werbeback,origin,,,,
Wergeland,origin,,,,
Werkeback,origin,,,,
Werkebeck,origin,,,,
West B.,origin,,,,
West Bay,origin,,,,
"West Bay, N S",origin,,,,
"West Bay, U.S.",origin,,,,
West Coast Africa,origin,,,,
West Coast of Africa,origin,,,,
West Indies,origin,,,,
West Point,origin,,,,
"West Point, Va.",origin,,,,
Westawaif,origin,,,,
"Westbay, N.B.",origin,,,,
Westerik,origin,,,,
Westering,origin,,,,
Western,origin,,,,
Westervick,origin,,,,
Weymouth,origin,,,,
"Weymouth, N S.",origin,,,,
"Weymouth, N.S.",origin,,,,
"Weymouth, U.S.",origin,,,,
Whitby,origin,,,,
White Sea,origin,,,,
Whycocomah,origin,,,,
Whyncomah,origin,,,,
Wiborg,origin,,,,
Wicklow,origin,,,,
Wiener,origin,,,,
Wifsta,origin,,,,
Wifsta Warf,origin,,,,
Wifstavarf,origin,,,,
Wifstawarf and Skonvik,origin,,,,
Wiken,origin,,,,
Wilalakte,origin,,,,
Wilhelmshaven,origin,,,,
Wilmington,origin,,,,
Wilmington N.C.,origin,,,,
"Wilson appeared in this case, on Saturday last, in the Queen's Bench Division, before Mr. Justice Cave and Mr. Baron Pollock, on behalf of the defendants, on appeal against an order made by Mr. Justice Field, at Chambers, refusing to allow them to amend the writ in the action by adding the name of one Donald as a co",origin,,,,
Windan,origin,,,,
Windart,origin,,,,
Windaw,origin,,,,
Windsor,origin,,,,
"Windsor, N.S.",origin,,,,
"Windsor, U.S.",origin,,,,
Wisbey,origin,,,,
Wiscasset,origin,,,,
Wiscer,origin,,,,
Wismar,origin,,,,
Wisner,origin,,,,
Wistawarf,origin,,,,
Wiswall,origin,,,,
Wjsby,origin,,,,
Wolgast,origin,,,,
Wood,origin,,,,
Woolwich,origin,,,,
Workebaur,origin,,,,
Workoback,origin,,,,
Wybor,origin,,,,
Wyborg,origin,,,,
Wycoomagh,origin,,,,
X'sand,origin,,,,
Xiana,origin,,,,
Xiansand,origin,,,,
Xinestad,origin,,,,
Xnia,origin,,,,
Xtiansand,origin,,,,
Yallahs,origin,,,,
Yarmouth,origin,,,,
"Yarmouth, N.B.",origin,,,,
"Yarmouth, N.S.",origin,,,,
Yetterfors,origin,,,,
Yokohama,origin,,,,
You-ford,origin,,,,
Youghal,origin,,,,
Ystad,origin,,,,
Ytlersfors,origin,,,,
Ytterafors,origin,,,,
Yttersfors,origin,,,,
Yxpila,origin,,,,
Zanzibar,origin,,,,
Zaza,origin,,,,
Zic,origin,,,,
ahead,origin,,,,
and,origin,,,,
app,origin,,,,
arried about without diffi,origin,,,,
at,origin,,,,
d in their devastating wars. The ay be seen almost all round the sea,origin,,,,
de,origin,,,,
deals,origin,,,,
"door work the deliveries of wood continue fairly large, and, were it not for the check given by the great advance in cost, deliveries would no doubt be still larger. Besides the increased cost free",origin,,,,
"dressing are seen in cases equally or more striking than the evils of denuding the roots of the smallest, portion of soil. It is too often forgotten in top",origin,,,,
"driving streams upon which this market depends are still very discouraging as to the probabilities of getting the logs. The prospects of the Menominee and other streams tributary to Green Bay, are really not so encouraging as a few weeks ago, as logs on the first",origin,,,,
ends,origin,,,,
et,origin,,,,
et Madeline,origin,,,,
"five years since it was proved possible to make practical use of wrapping papers from wood, and since then the manufacture of wood",origin,,,,
ford,origin,,,,
from Halifax,origin,,,,
from Hernosand,origin,,,,
from San Domingo,origin,,,,
hamn,origin,,,,
higa,origin,,,,
iRga,origin,,,,
in,origin,,,,
kar,origin,,,,
l'Eguille,origin,,,,
lathwood,origin,,,,
"mill work and saving fuel. Its prompt, certain, self",origin,,,,
oak staves,origin,,,,
of,origin,,,,
on,origin,,,,
past seven o'clock on Saturday evening in the saw,origin,,,,
"past two o'clock, and at that time the first floor was well alight. Several manuals were promptly on the spot, and all round the building, and it was with such rapidity that in a short time the efforts of the firemen were successful. The shops of Mr. J. H. Ashton, a picture",origin,,,,
pitwood,origin,,,,
poti,origin,,,,
"props, birr",origin,,,,
qty. staves,origin,,,,
sleepers,origin,,,,
"spected by forest rangers, whose duty it is to report on the existing state of the proclaimed reserves, control the operations of licensed timber",origin,,,,
teak,origin,,,,
tein,origin,,,,
timber,origin,,,,
town Demerara,origin,,,,
tran,origin,,,,
twyth,origin,,,,
ui,origin,,,,
und,origin,,,,
"west and westerly gales so prevalent in our latitudes, and of the almost universal westerly winds in the North Atlantic, which are, in fact, nothing more than a part of the general system of the reaction of the trades, and of the process which the equilibrium of the earth's motion is maintained under their action. An ordinary observation of trees growing singly, and exposed on a plain or table",origin,,,,
& CO,destination,,,,
& COFFIN STUFF,destination,,,,
... ... M G & CO,destination,,,,
BEDFORD,destination,,,,
BELLYWOOD,destination,,,,
BIDEFORD,destination,,,,
BORROWSTOWNESS,destination,,,,
BRIDPORT,destination,,,,
BROWN & KRUSE,destination,,,,
BRUNSWICK DOCK,destination,,,,
BUILDERS' CLERKS' BENEVOLENT INSTITUTION,destination,,,,
BUILDING NEWS,destination,,,,
BULL DOCK,destination,,,,
BURRYPORT,destination,,,,
BUTE DOCK,destination,,,,
Berwick,destination,,,,
Borrowstounness,destination,,,,
Boston (Boston Dock),destination,,,,
CLIFF'S CREEK,destination,,,,
CLIFFE,destination,,,,
CLOSED,destination,,,,
COBURG DOCKS,destination,,,,
COLLINSON & LOCK,destination,,,,
CORRECTION,destination,,,,
CORRESPONDENCE,destination,,,,
CORRESPONDENCE SOLICITED,destination,,,,
COUNTER TOP,destination,,,,
CREDITORS FULLY SECURED,destination,,,,
CROSSBY DOCK,destination,,,,
CURRENT PRICES,destination,,,,
Cliffe,destination,,,,
Cowes,destination,,,,
DEY FLOORING,destination,,,,
DIVIDENDS,destination,,,,
DO FEET SUPER,destination,,,,
DOCK FIRES IN LIVERPOOL,destination,,,,
DOCKS,destination,,,,
DON,destination,,,,
DOORS,destination,,,,
DRYING KILNS,destination,,,,
DS,destination,,,,
DULDING,destination,,,,
Deptford,destination,,,,
Dover,destination,,,,
Dundee,destination,,,,
E. U,destination,,,,
E.C,destination,,,,
EKS WYZED,destination,,,,
ENSE BELTS,destination,,,,
EX PORT MELBOURNE,destination,,,,
EXPORTS,destination,,,,
Exeter,destination,,,,
FILES,destination,,,,
FIR,destination,,,,
FIRES,destination,,,,
FOREIGN,destination,,,,
Fleetwood,destination,,,,
Fowey,destination,,,,
GEORGE MERRYLEES & CO,destination,,,,
GOVERNMENT DOCK BUOYS,destination,,,,
Goole,destination,,,,
Greenock,destination,,,,
Hull (Queen's Dock),destination,,,,
Hull (Union Dock),destination,,,,
ING,destination,,,,
INTER TOPS,destination,,,,
ION,destination,,,,
Irvine,destination,,,,
JOINERY OF EVERY DESCRIPTION,destination,,,,
KEN,destination,,,,
KINGS LYNN,destination,,,,
L & CO,destination,,,,
LBEBT DOCKS,destination,,,,
LIMITED,destination,,,,
LINDEN WOOD,destination,,,,
LONDON N.E,destination,,,,
LONDON. DOCKS,destination,,,,
LONGTON DOCK,destination,,,,
LUDWIG WULFERT'S BELLY WOOD,destination,,,,
Lerwick,destination,,,,
Liverpool (Coburg Dock),destination,,,,
London (Deptford Buoys),destination,,,,
London (Silvertown),destination,,,,
London (Surrey Commercial Docks),destination,,,,
London (Tilbury Docks),destination,,,,
Londonderry,destination,,,,
Lynn,destination,,,,
M. S. RENNIE & CO,destination,,,,
MEETING,destination,,,,
MENT,destination,,,,
MESSRS. GROMOFF & CO,destination,,,,
MIDDLESBRO,destination,,,,
MOULDS,destination,,,,
Middlesbrough,destination,,,,
ND,destination,,,,
NE,destination,,,,
NELSON DOCK,destination,,,,
NEW YORK,destination,,,,
NEWPORT (MON),destination,,,,
NEWPORT MON,destination,,,,
NOTICES TO CREDITORS,destination,,,,
OCK,destination,,,,
OLE COURT,destination,,,,
PENICUIK,destination,,,,
PETITION PRESENTED,destination,,,,
PETITION PRESENTED FOR CESSIO,destination,,,,
PETITIONS PRESENTED,destination,,,,
PETITIONS PRESENTED FOR CESSIO,destination,,,,
POOL,destination,,,,
PORTS,destination,,,,
PRINCE'S DOCK,destination,,,,
PRINCES DOCK,destination,,,,
PROCEEDINGS UNDER CESSIO,destination,,,,
PURFLEET,destination,,,,
QUEBEC,destination,,,,
QUEBEC DOCK,destination,,,,
QUEBEC DOCKS,destination,,,,
QUEENBORO',destination,,,,
QUEENSTOWN,destination,,,,
R TOPS,destination,,,,
R.B,destination,,,,
RECORD OUTPUT OF TIMBER,destination,,,,
REGENT'S DOCK,destination,,,,
RESULTS OF TENDERS,destination,,,,
RUNCORN DOCK,destination,,,,
RYE,destination,,,,
Runcorn,destination,,,,
SEE SPECIMENS,destination,,,,
SILVERTON,destination,,,,
SIMPLE IN CONSTRUCTION,destination,,,,
SKIBBEREEN,destination,,,,
SPEED,destination,,,,
SQ,destination,,,,
STIRLING,destination,,,,
SUPPLEMENT,destination,,,,
SURG,destination,,,,
SURREY DOCK,destination,,,,
SUTTON BRIDGE,destination,,,,
Sligo,destination,,,,
Stockton,destination,,,,
T,destination,,,,
T. W. DUSSEK,destination,,,,
TENDERS,destination,,,,
TENDERS OPEN,destination,,,,
TES GIVEN,destination,,,,
TICES,destination,,,,
TILBURY,destination,,,,
TILLOTSON'S DOCK,destination,,,,
TIMBER,destination,,,,
TION,destination,,,,
TOWER,destination,,,,
TOWER DOCK,destination,,,,
TOWN DOCK,destination,,,,
TOWN DOCKS,destination,,,,
TRCON,destination,,,,
TREES,destination,,,,
TUNNEL PIER,destination,,,,
Truro,destination,,,,
Tyne,destination,,,,
UNDER,destination,,,,
VERPOOL,destination,,,,
VIGERS BROS,destination,,,,
VIK,destination,,,,
W. I. D. BUOYS,destination,,,,
WELLINGTON DOCK,destination,,,,
WEMYSS,destination,,,,
WICKLOW,destination,,,,
WIDNES,destination,,,,
WIDNES DOCK,destination,,,,
WIGTOWN,destination,,,,
WINTERS,destination,,,,
WOOD,destination,,,,
WOODBRIDGE,destination,,,,
Wexford,destination,,,,
Wick,destination,,,,
Workington,destination,,,,
Z,destination,,,,
